State,Unemployment_Num,Unemployment_Den,Unemployment_Perc,Uninsured_Num,Uninsured_Den,Uninsured_Perc,Uninsured_Adults_Num,Uninsured_Adults_Den,Uninsured_Adults_Perc,Uninsured_Children_Num,Uninsured_Children_Den,Uninsured_Children_Perc,Diabetes_Prevalence_Num,Diabetes_Prevalence_Den,Diabetes_Prevalence_Perc,HIV_Prevalence_Num,HIV_Prevalence_Den,HIV_Prevalence_Perc,Adult_Obesity_Num,Adult_Obesity_Den,Adult_Obesity_Perc,Violent_Crimes_Num,Violent_Crimes_Den,Violent_Crimes_Perc,Injury_Deaths_Num,Injury_Deaths_Den,Injury_Deaths_Perc,Homicides_Num,Homicides_Den,Homicides_Perc,Firearms_Fatality_Num,Firearms_Fatality_Den,Firearms_Fatalities_Perc,Drugs_Overdose_Death_Num,Drugs_Overdose_Death_Den,Drugs_Overdose_Deaths_Perc,Premature_Deaths_Num,Premature_Deaths_Den,Premature_Deaths_Perc,Low_Birth_Weight_Num,Low_Birth_Weight_Den,Low_Birth_Weight_Perc
AK,51956.0,725572.0,0.07160695285926139,201574.0,1299028.0,0.15517294469403278,163858.0,929122.0,0.17635789487279388,40588.0,387500.0,0.10474322580645161,81062.0,1063955.0045522007,0.07618931219193571,1235.0,1126303.0,0.0010965077781023402,323998.0,1066986.0162143002,0.30365721300599147,8753.0,1120051.0,0.007814822717894096,6618.0,7263273.0,0.0009111594731466104,630.0,8804274.0,7.155615556717113e-05,1597.0,7074200.0,0.00022574990811681885,743.0,3995795.0,0.0001859454751807838,16598.0,4269456.0,0.003887614721875574,9168.0,155451.0,0.05897678368103132
AL,190684.0,4336896.0,0.04396785166164925,855944.0,7946156.0,0.1077179959718888,802088.0,5791254.0,0.13849988275423597,60506.0,2270062.0,0.02665389755874509,1010874.0,7257881.142186001,0.13927949220942118,24458.0,8145014.0,0.0030028186569108412,2546090.0,7252624.780382001,0.3510577311109559,46006.5,9598520.0,0.004793082683580386,38804.0,48560250.0,0.0007990897905179648,6276.0,65641786.0,9.560982999457083e-05,9578.0,48298109.0,0.00019831004149665568,4512.0,27416637.0,0.00016457160664891176,160880.0,27273632.0,0.00589873765254294,83790.0,825884.0,0.1014549258733672
AR,99670.0,2708544.0,0.03679836842229626,456684.0,4855014.0,0.09406440434569292,403944.0,3474804.0,0.1162494345004783,58504.0,1450772.0,0.040326116026501754,585278.0,4389497.092379003,0.1333360035745674,10499.0,4920366.0,0.0021337843566921646,1542332.0,4387663.606002,0.3515155532639748,30178.0,5797788.0,0.005205088561361678,24010.0,29792946.0,0.0008058954626373639,3017.0,37578113.0,8.028609632420872e-05,5230.0,28991069.0,0.00018040038468398664,2267.0,15808357.0,0.00014340516221894532,95680.0,16718408.0,0.00572303295864056,47988.0,535980.0,0.08953319153699765
AZ,322628.0,6625442.0,0.04869531723317478,1339638.0,11226354.0,0.11932974855416104,1104656.0,8018912.0,0.13775634400277745,259282.0,3375808.0,0.07680590839289438,978342.0,10021273.864119003,0.0976265106877217,30367.0,11305039.0,0.0026861473012167406,2729080.0,10031058.484726,0.27206301350505435,55790.5,13584391.5,0.004106956134177965,55142.0,68267028.0,0.0008077398652831349,5380.0,94274148.0,5.7067606699558824e-05,10131.0,68220036.0,0.00014850475892448956,8370.0,41522215.0,0.00020157884159118197,156792.0,38639850.0,0.004057779727405774,84784.0,1191676.0,0.07114685535330073
CA,1837766.0,38623920.0,0.0475810326864803,5574610.0,66523356.0,0.08379928998170207,5053256.0,48571872.0,0.1040366737357786,587374.0,18905834.0,0.03106839930996961,4908040.0,57750351.63958129,0.08498718814096531,238654.0,64838003.0,0.0036807734501014783,13110434.0,57694187.7218582,0.2272401175523083,327327.0,78045343.5,0.0041940618789127375,190892.0,390127442.0,0.0004893067737593296,26830.0,540558178.0,4.963388048122361e-05,30840.0,389997561.0,7.907741761492708e-05,28335.0,235691015.0,0.00012022095963225412,687182.0,222305892.0,0.0030911551368148172,469061.0,6909720.0,0.06788422685723879
CO,169674.0,5984614.0,0.02835170321761771,803758.0,9390534.0,0.08559236354396885,702020.0,6899232.0,0.10175335457627747,112258.0,2613780.0,0.04294852665488297,503166.0,8085977.8117037015,0.06222698252667896,22837.0,9026180.0,0.002530084709146062,1699204.0,8105022.2623383,0.20964828287958082,35389.0,10833286.0,0.00326669119600461,41191.0,54432036.0,0.0007567418569461558,2749.0,71393231.0,3.850505099005815e-05,7043.0,53810318.0,0.00013088567883951178,5529.0,32146375.0,0.00017199450948979472,103131.0,31484435.0,0.0032756185715258983,81364.0,916765.0,0.08875120668873702
CT,179438.0,3837152.0,0.04676332863540459,336516.0,5832842.0,0.057693316568492685,296226.0,4343278.0,0.06820332476990881,44704.0,1575782.0,0.028369406428046518,471720.0,5433084.63038,0.08682360612649007,20253.0,6116935.0,0.003310971916490857,1383240.0,5431179.47016,0.2546850104290975,16222.5,6572514.0,0.0024682336165430764,23312.0,35896558.0,0.0006494215963547258,1596.0,50238670.0,3.176835692505395e-05,1794.0,35896558.0,4.997693650739438e-05,5686.0,21511044.0,0.000264329337060535,69382.0,19971728.0,0.003474010861754176,39656.0,506146.0,0.0783489348923038
DC,48522.0,801788.0,0.06051724395974996,46548.0,1140538.0,0.04081231839710733,41080.0,903746.0,0.0454552495944657,5992.0,247270.0,0.024232620212722933,87092.0,1062097.561,0.08199999999811694,29944.0,1156040.0,0.025902217916335075,245210.0,1061515.1516,0.23099999998153584,16435.0,1340063.0,0.01226434876569236,4854.0,6705424.0,0.0007238915838879092,1488.0,9206062.0,0.00016163262858755458,968.0,6705424.0,0.00014436074437649283,1408.0,4094740.0,0.00034385577594670235,16556.0,3891712.0,0.0042541688593606105,13280.0,132912.0,0.09991573371855061
DE,43844.0,954700.0,0.04592437414894732,102988.0,1526578.0,0.06746330682087649,89520.0,1125292.0,0.0795526849919843,14834.0,422288.0,0.03512768537112113,163512.0,1426485.9054,0.11462573824320381,6372.0,1595337.0,0.003994140422995267,436698.0,1429364.645,0.30551896013910435,9423.5,1887679.0,0.004992109357576156,6806.0,9442602.0,0.0007207759047770943,820.0,13091056.0,6.263818594924657e-05,1072.0,9442602.0,0.0001135280296680936,1636.0,5719876.0,0.0002860201864515944,24642.0,5316640.0,0.0046348821812272414,13324.0,154134.0,0.08644426278433051
FL,838892.0,20200536.0,0.041528204994164514,4956388.0,32285532.0,0.1535173092393212,4453100.0,24143500.0,0.18444301778946715,564928.0,8583020.0,0.06581925709132683,3430868.0,31411612.978487015,0.10922291708960348,212116.0,34647934.0,0.006122038907139456,8324762.0,31374624.01825099,0.26533423938904854,188044.0,40474757.5,0.004645957421733781,153188.0,202628536.0,0.0007560040802940016,16464.0,277958192.0,5.923192938310665e-05,25653.0,202341879.0,0.00012678047731285523,26008.0,123067509.0,0.00021133116458869742,512866.0,112834786.0,0.004545282693229019,265492.0,3068786.0,0.08651368977830322
GA,479572.0,10122826.0,0.047375308041450084,2591988.0,17413296.0,0.14885108482621556,2277186.0,12479156.0,0.18247916766165917,345824.0,5187896.0,0.06665977883905151,1726306.0,14832933.08618101,0.11638332014106502,93314.0,16808986.0,0.005551435404848335,4495938.0,14842689.452307,0.30290588605565655,78151.0,20223704.5,0.0038643266370906476,64475.0,102079984.0,0.0006316125598138808,9357.0,131871908.0,7.095521815002479e-05,14399.0,100608620.0,0.00014311894944985827,8145.0,58190014.0,0.0001399724701905038,258224.0,58804810.0,0.004391205413298674,173467.0,1819616.0,0.09533165239259273
HI,32354.0,1370838.0,0.023601621781713083,97282.0,2311312.0,0.042089514526814205,83800.0,1698736.0,0.049330796545195954,15084.0,640752.0,0.023541089220166303,212646.0,2163132.5874573,0.09830465373828945,5258.0,2332111.0,0.002254609664805835,500872.0,2169069.13601825,0.2309156456485515,7525.0,2849617.5,0.0026407052876394814,7850.0,14222182.0,0.0005519546859968464,397.0,19264203.0,2.060817153972059e-05,476.0,14222182.0,3.346884465407629e-05,1126.0,8575131.0,0.00013130994733491535,27834.0,7940765.0,0.0035052038437102724,21364.0,258726.0,0.08257384259796077
IA,105048.0,3357134.0,0.031290976171937136,253492.0,5090078.0,0.049801201474712176,218014.0,3654888.0,0.05964998106645129,38772.0,1507162.0,0.025725170884085453,441196.0,4596953.3601060035,0.09597573989522187,4726.0,4849300.0,0.0009745736498051265,1483396.0,4603101.957738002,0.3222600788814488,17412.0,6137115.5,0.0028371634850281047,20846.0,31203690.0,0.0006680620144604693,843.0,32470519.0,2.5962011879144895e-05,2313.0,26844780.0,8.616200244516811e-05,1703.0,15407343.0,0.00011053171205444053,68420.0,17408334.0,0.003930301429189031,36320.0,545812.0,0.06654305878214477
ID,52608.0,1666934.0,0.03155973781805398,330328.0,2804290.0,0.11779380877156072,291118.0,1942614.0,0.14985890145957972,42904.0,903724.0,0.0474746714704932,200878.0,2354607.7522065993,0.08531272345117738,1684.0,2482153.0,0.0006784432708217422,666576.0,2351501.0698891995,0.28346829543709645,7223.5,3316222.5,0.002178231406366732,12189.0,16593558.0,0.0007345621716572179,408.0,19296113.0,2.1144154783919436e-05,2352.0,16153571.0,0.00014560248009557762,1276.0,8989749.0,0.00014193944680769173,34782.0,9498513.0,0.0036618363316447532,20898.0,315749.0,0.0661854827727087
IL,643816.0,12985182.0,0.04958082220179894,1602534.0,21384232.0,0.07493998381611273,1460646.0,15621982.0,0.09349940359680353,159448.0,6067684.0,0.02627823070548829,1780532.0,19056011.162364997,0.09343676306804925,67953.0,21217874.0,0.003202630009019754,5484516.0,19106515.349627,0.28704951686059643,102750.0,25303498.5,0.004060703305513267,76078.0,128452544.0,0.0005922654206054495,12377.0,169767386.0,7.290564042730798e-05,12876.0,125745775.0,0.00010239707854995525,13863.0,75253237.0,0.00018421798918762792,282430.0,72090558.0,0.0039177113873913975,181402.0,2194444.0,0.08266421927376592
IN,234124.0,6640834.0,0.03525521041483645,1036870.0,10964428.0,0.09456672067161187,861032.0,7880366.0,0.1092629454012669,189460.0,3243336.0,0.05841516265968127,1111396.0,9703852.766413998,0.11453141620683409,20959.0,10846625.0,0.0019323061320917797,3178386.0,9701759.322019001,0.3276092401907324,48618.5,12138498.0,0.0040053143313118315,49028.0,66174616.0,0.0007408883188683709,5188.0,79419721.0,6.53238255520943e-05,8995.0,65312585.0,0.00013772230880158856,9130.0,38548840.0,0.00023684240563399573,178462.0,37337970.0,0.004779638528822001,93892.0,1166056.0,0.08052100413702258
KS,107148.0,2957582.0,0.03622824320678176,478964.0,4818204.0,0.09940716499342908,418044.0,3408950.0,0.12263130876076211,66664.0,1479312.0,0.04506419200276886,414774.0,4214116.962154499,0.09842489036847797,5545.0,4422519.0,0.0012538103284576052,1398726.0,4212393.619719598,0.33205016583732916,21091.0,5746344.0,0.003670333693910424,21052.0,29004459.0,0.0007258194334877958,1633.0,33953128.0,4.809571595288658e-05,3402.0,26860373.0,0.00012665497980984851,1748.0,15011306.0,0.0001164455644299037,67249.0,16293369.0,0.0041273845820345685,38382.0,542225.0,0.0707861127760616
KY,200612.0,4104748.0,0.048873158595850466,437800.0,7265814.0,0.06025477668434672,375652.0,5292298.0,0.07098088580801762,67848.0,2074108.0,0.03271189349831349,861976.0,6599825.306209999,0.13060588121763428,11793.0,7199407.0,0.0016380515784147221,2254328.0,6597130.984311997,0.3417133910726952,19752.5,8842356.5,0.0022338502185475103,40068.0,44250014.0,0.000905491238940625,2922.0,50035790.0,5.839819856946398e-05,6721.0,42862438.0,0.00015680395968143483,8351.0,25731841.0,0.0003245395461599502,146600.0,24954740.0,0.005874635440000577,68698.0,778174.0,0.08828102712246876
LA,216634.0,4224644.0,0.05127864028306291,920488.0,7779892.0,0.11831629539330366,853602.0,5595764.0,0.152544317451558,74570.0,2295458.0,0.0324858917044006,834654.0,6872065.835758002,0.12145605411068303,38792.0,7714861.0,0.005028217617919493,2423672.0,6875160.919499,0.3525258577040864,50393.5,9251406.0,0.005447117984012376,39112.0,46623738.0,0.0008388859769244585,7921.0,63029490.0,0.00012567133257781397,9400.0,46228729.0,0.00020333676056722216,5776.0,26552402.0,0.00021753210877117633,141214.0,26432204.0,0.005342498113286354,94556.0,881822.0,0.10722798932210809
MA,271384.0,7314344.0,0.037102985585583614,330834.0,11091326.0,0.02982817383602285,305372.0,8370680.0,0.0364811460956577,28600.0,2871782.0,0.009958973208969204,970038.0,10390596.626162,0.09335729553369307,39176.0,11621889.0,0.0033708805857636396,2538562.0,10385617.922303,0.24443052103317472,51739.5,13388293.0,0.0038645329916218597,40264.0,67808504.0,0.000593789829075126,2067.0,92460717.0,2.2355439878321514e-05,2303.0,67667605.0,3.403401080916045e-05,12232.0,40898878.0,0.000299079109211749,133966.0,38152134.0,0.0035113632175856795,75434.0,1000728.0,0.07537912399772966
MD,266424.0,6438922.0,0.04137711250423596,706496.0,10048440.0,0.07030902309214167,619846.0,7391850.0,0.08385532715084856,95310.0,2794230.0,0.03410957580442555,968138.0,8984065.530240001,0.10776168058228056,64460.0,10055758.0,0.006410257685198868,2722264.0,8984109.84427,0.30300876182365916,55221.0,11992854.0,0.004604491974971096,41848.0,59960492.0,0.0006979262278234809,6626.0,82003000.0,8.080192188090679e-05,6555.0,59861827.0,0.00010950217072392394,11152.0,36150050.0,0.0003084919661245282,136952.0,33984132.0,0.004029880769060102,88472.0,1019872.0,0.08674814094317718
ME,45914.0,1400204.0,0.032790936177871224,211472.0,2093766.0,0.1010007804119467,188438.0,1596884.0,0.11800356193687206,25114.0,524550.0,0.04787722810027643,207548.0,2083713.80042,0.09960484974384004,2887.0,2259419.0,0.0012777621149507904,611962.0,2079212.2179000005,0.2943239726717652,3290.5,2661568.0,0.0012363013081010893,10906.0,13310210.0,0.0008193709941465987,286.0,15762540.0,1.814428385272932e-05,1460.0,13310210.0,0.00010969023028186633,2092.0,7993428.0,0.000261714998871573,35654.0,7359090.0,0.004844892507089871,12422.0,177046.0,0.07016255662370231
MI,453088.0,9767642.0,0.04638663046823378,1038380.0,16264032.0,0.06384517689094561,912840.0,11971012.0,0.076254204740585,139408.0,4529820.0,0.030775615808133656,1582580.0,14886517.86337799,0.1063096161590127,28980.0,16420705.0,0.00176484505385122,4723414.0,14882288.271590002,0.3173849285675312,87776.0,19761754.5,0.004441710881490811,71530.0,99237372.0,0.0007207969997432016,8553.0,126631985.0,6.754217743645099e-05,11549.0,98310427.0,0.00011747482288933604,13954.0,58822518.0,0.00023722207879642282,259446.0,55581716.0,0.004667829974878789,133978.0,1584709.0,0.08454422862493997
MN,211536.0,6127216.0,0.03452399915393876,441070.0,9204654.0,0.047918150970150536,362006.0,6665918.0,0.05430699867595131,85744.0,2663566.0,0.03219143058591377,662410.0,8108621.438185998,0.08169206135096,15106.0,8728540.0,0.0017306445293256375,2236964.0,8118728.596156001,0.2755313191598919,25663.5,10976755.5,0.002337985937647969,34938.0,54927410.0,0.0006360758681321402,1460.0,62424370.0,2.338830171614067e-05,4013.0,52387375.0,7.66024256798513e-05,3806.0,30779437.0,0.00012365398366448354,100312.0,31010660.0,0.003234758628162058,63220.0,967431.0,0.06534832975168255
MO,229186.0,6101450.0,0.03756254660777356,1052700.0,9940930.0,0.1058955248653798,928738.0,7230876.0,0.1284405928133742,138000.0,2849000.0,0.048438048438048435,1070156.0,9061661.369518002,0.11809710784380398,23587.0,9979468.0,0.0023635528467048543,2913804.0,9060456.235846002,0.32159572588321533,58245.5,12039584.5,0.004837833066415207,50490.0,60795928.0,0.0008304832521020158,6561.0,76221665.0,8.607788874724791e-05,10548.0,59203549.0,0.0001781649948046189,7383.0,34210426.0,0.00021581140205620357,167044.0,34064990.0,0.004903685572783083,86114.0,1048004.0,0.08216953370406983
MS,129918.0,2560162.0,0.050746007479214206,685336.0,4902320.0,0.13979829958060674,622720.0,3490670.0,0.1783955515703289,69708.0,1485608.0,0.04692220289605333,614090.0,4361153.053831,0.14080909163702943,18213.0,4934276.0,0.0036911190213113334,1592180.0,4359833.957851,0.3651928067427594,13078.0,4660095.5,0.002806380255511931,25403.0,29894128.0,0.0008497655459292875,4353.0,39543976.0,0.00011007997779484794,5664.0,29342272.0,0.00019303208694950412,1892.0,14900453.0,0.00012697600536037395,100514.0,16818457.0,0.005976410321113287,62218.0,538942.0,0.11544470462498747
MT,42354.0,1050914.0,0.040302060872726024,168462.0,1676564.0,0.10048050655984501,146852.0,1230948.0,0.11929992168637506,23834.0,467794.0,0.05094977703861101,129248.0,1559814.0723302998,0.0828611578089616,1072.0,1548901.0,0.0006921036270232894,395384.0,1559647.9119449002,0.2535084982782757,6698.5,2057757.5,0.0032552426610035438,9500.0,10268925.0,0.0009251211787017628,406.0,12190604.0,3.3304338324827875e-05,1836.0,9503764.0,0.00019318661532420208,657.0,5321926.0,0.00012345154742850615,26271.0,5777149.0,0.004547398725565153,12712.0,170240.0,0.07467105263157894
NC,449736.0,9883404.0,0.04550416030752158,2046214.0,16710914.0,0.1224477607867529,1845248.0,12191550.0,0.1513546677821934,221154.0,4752296.0,0.046536242691953535,1642714.0,14951782.774277002,0.10986743352278498,57548.0,16782406.0,0.003429067322051439,4510980.0,14959889.078210996,0.3015383320301632,66605.0,19379951.5,0.003436799106540592,71790.0,100510066.0,0.0007142568188145454,8243.0,135214063.0,6.0962593809491545e-05,13081.0,100195524.0,0.00013055473416157792,11775.0,60240628.0,0.00019546608976254363,263022.0,57149990.0,0.004602310516589767,151944.0,1682800.0,0.09029236985975754
ND,21582.0,828810.0,0.0260397437289608,95366.0,1259192.0,0.07573586871581141,71084.0,912386.0,0.07791000738722427,26258.0,362706.0,0.07239472189597085,95080.0,1119179.0107786001,0.08495513147075008,623.0,1090345.0,0.000571378783779446,360110.0,1118576.397589,0.32193599004608686,3600.5,1494265.5,0.002409545023959932,5093.0,7368305.0,0.0006912037436018188,160.0,7386676.0,2.166062245047705e-05,819.0,6584867.0,0.00012437608838568797,328.0,3486664.0,9.407272969233629e-05,15059.0,4221442.0,0.003567264456079226,9563.0,148151.0,0.06454900743160694
NE,59144.0,2014042.0,0.029365822559807592,307868.0,3158378.0,0.09747661616184003,262280.0,2228864.0,0.11767429506690404,49718.0,973326.0,0.05108052183954811,245982.0,2739367.6200623997,0.08979517688626136,2703.0,2628125.0,0.0010284898929845423,855666.0,2740305.4095309,0.3122520566590705,10492.5,3711035.0,0.0028273783459331426,10937.0,18816595.0,0.0005812422491954575,789.0,20293465.0,3.887951121210695e-05,1462.0,16562458.0,8.827192195747756e-05,650.0,8856678.0,7.339094861527088e-05,38943.0,10653623.0,0.0036553762039448928,25090.0,365668.0,0.06861415272870473
NH,39886.0,1493102.0,0.02671351320941235,156042.0,2152574.0,0.07249088765357195,142234.0,1639148.0,0.0867731284789415,15250.0,542368.0,0.028117440556965013,191912.0,2061673.9082699998,0.09308552590697429,2446.0,2296987.0,0.0010648732448202798,576096.0,2059518.0061400002,0.2797237015080696,5148.5,2598308.5,0.0019814814137736145,10684.0,13316940.0,0.0008022864111424997,233.0,16280639.0,1.431147757775355e-05,1228.0,13316940.0,9.221337634621768e-05,2740.0,8016396.0,0.00034179948196171945,30638.0,7466584.0,0.004103349001363944,11964.0,173160.0,0.06909216909216909
NJ,418254.0,9037674.0,0.04627894301122169,1362694.0,14888676.0,0.09152553255910734,1228340.0,10956940.0,0.11210611721885855,149414.0,4143050.0,0.03606376944521548,1223088.0,13429893.370449997,0.09107205591752347,69622.0,15044831.0,0.0046276358970067525,3521498.0,13436006.450319998,0.2620940986461145,45019.0,17882644.0,0.002517468893302355,47322.0,89491280.0,0.000528788950163636,5416.0,123980142.0,4.3684415202557195e-05,4824.0,89491280.0,5.39046932840831e-05,12390.0,53816252.0,0.00023022785012973405,177876.0,50211570.0,0.0035425301379741763,117960.0,1445344.0,0.08161378882812673
NM,114378.0,1859144.0,0.06152186167397469,379930.0,3403182.0,0.11163963608176113,327652.0,2433018.0,0.13466895847050864,58204.0,1021778.0,0.05696344998620052,268386.0,3052700.484160899,0.08791756721386039,6362.0,3409175.0,0.0018661406351976652,784700.0,3060454.2338142986,0.2563998478820624,26293.5,4127717.0,0.006369986120657012,21105.0,20846675.0,0.0010123916643781322,2052.0,28129570.0,7.294814673669026e-05,3628.0,20641005.0,0.0001757666353939646,2949.0,12271059.0,0.00024032155659914928,54436.0,11674312.0,0.004662887200547664,32196.0,361052.0,0.08917275073950566
NV,147164.0,2925904.0,0.050296933870694324,647054.0,4921986.0,0.13146197490200093,556012.0,3587672.0,0.1549784930171989,100266.0,1400818.0,0.07157675015598029,433302.0,4314892.6118936995,0.10042011214963574,17680.0,4772042.0,0.003704912907304672,1139052.0,4294804.613616601,0.26521625602912324,37860.0,5779067.5,0.006551229934587198,21431.0,28906366.0,0.000741393781563549,2359.0,39319286.0,5.99960029793013e-05,4524.0,28771488.0,0.0001572389999432772,3885.0,17492007.0,0.00022210144324776455,74740.0,16657640.0,0.004486830067164376,41766.0,498412.0,0.08379814290185629
NY,910948.0,19409400.0,0.046933341576761774,2303990.0,32598930.0,0.0706768596392581,2104572.0,24381358.0,0.08631889987423998,222616.0,8656504.0,0.025716617239476814,2956460.0,30054408.374777008,0.09837026113218027,253339.0,33456937.0,0.007572091850488286,7725358.0,30051237.501412004,0.25707287427471204,150057.5,39454908.0,0.0038032657432631703,93414.0,197575666.0,0.0004728011393872766,9320.0,263464277.0,3.5374814779917964e-05,8493.0,197178448.0,4.307265873195229e-05,20604.0,118494956.0,0.00017388081902828,379138.0,110778996.0,0.0034224718916932594,263646.0,3314066.0,0.07955363592638168
OH,577706.0,11560064.0,0.04997429079977412,1265072.0,18959740.0,0.06672412174428552,1078910.0,13834066.0,0.07798936335853826,204450.0,5396246.0,0.037887449904989504,2036170.0,17346407.261681,0.11738280839848558,40757.0,19445203.0,0.0020959925180518814,5524448.0,17348540.439719006,0.31843877697929723,66539.5,22201880.5,0.002997020905503928,95338.0,116102752.0,0.0008211519396198292,9025.0,150682888.0,5.989399406785991e-05,13993.0,115749367.0,0.00012089050992391172,25481.0,69590208.0,0.0003661578364588305,327828.0,64920076.0,0.005049716824114624,166016.0,1935934.0,0.08575498958125638
OK,157428.0,3668640.0,0.04291181473243491,1035262.0,6476390.0,0.15985170750989364,895504.0,4585836.0,0.19527606307770273,153378.0,1985136.0,0.07726322025291969,677718.0,5688536.684227,0.11913749310594333,11395.0,6324213.0,0.0018018052206654014,1896412.0,5688798.100048,0.33335899194313096,33429.0,7794992.5,0.00428852240717358,36312.0,38988764.0,0.0009313452460303691,3811.0,50977025.0,7.475916846854049e-05,6716.0,38434342.0,0.00017473955974060907,4514.0,22844406.0,0.0001975976087975323,119532.0,22042700.0,0.005422747667028087,59058.0,734600.0,0.08039477266539613
OR,173578.0,4208172.0,0.041247838729025335,497146.0,6679608.0,0.07442742148940477,440290.0,4974624.0,0.08850719169931236,62708.0,1793466.0,0.034964699637461766,570860.0,6133750.993957001,0.09306866231811722,13103.0,6781986.0,0.0019320299393127617,1737012.0,6127942.657768,0.283457613265702,20250.0,7962040.5,0.00254331788440413,29100.0,40306193.0,0.000721973419816652,1496.0,52305325.0,2.860129441887609e-05,4939.0,40064251.0,0.00012327698326370807,3043.0,24037341.0,0.00012659470113603663,92692.0,22894838.0,0.004048598203664948,40146.0,631100.0,0.06361273966090952
PA,631480.0,12854752.0,0.04912424603757427,1383308.0,20467416.0,0.06758586428301452,1155306.0,15211612.0,0.07594895268167502,246306.0,5534482.0,0.044503893950689516,2120158.0,19505851.185688008,0.10869343664200717,65211.0,21758669.0,0.002997012363210268,5823992.0,19504730.555402994,0.2985938197637239,80575.5,25531830.0,0.0031558842433151092,104146.0,127906554.0,0.000814235054757241,9381.0,171365531.0,5.4742630826966014e-05,15022.0,127814441.0,0.00011752975549922407,26547.0,76655837.0,0.00034631413652165847,327194.0,70843978.0,0.004618515352144681,160900.0,1964048.0,0.08192264140183947
RI,49582.0,1109316.0,0.044696010875169924,86550.0,1699308.0,0.05093249722828351,78712.0,1287648.0,0.06112850716966128,8780.0,435176.0,0.020175744985936724,155260.0,1616071.06737,0.0960725076606134,4580.0,1816429.0,0.0025214307853486154,437362.0,1619642.31814,0.27003616483809045,4843.0,2111599.0,0.00229352258643805,8016.0,10558094.0,0.0007592279439830712,338.0,12954466.0,2.6091388097355767e-05,459.0,10312751.0,4.4508007611160205e-05,1912.0,6344726.0,0.0003013526510049449,22912.0,5882330.0,0.0038950551907152436,11374.0,151770.0,0.07494234697239244
SC,197514.0,4625310.0,0.042702867483476785,969598.0,8003832.0,0.12114172311462809,880018.0,5851950.0,0.15038030058356616,99082.0,2262452.0,0.04379407828320778,926400.0,7351036.4258630015,0.1260230457763297,31984.0,8223036.0,0.003889560984531747,2381146.0,7348934.158276997,0.32401242802238883,48928.0,9774368.0,0.005005745640025012,39434.0,48977910.0,0.0008051384797758826,5372.0,67237042.0,7.989643565818972e-05,8274.0,48839652.0,0.00016941152651947644,5236.0,28936011.0,0.00018095099562963257,147466.0,27856698.0,0.005293735818940206,77132.0,802484.0,0.09611655808713943
SD,30306.0,910364.0,0.0332899807110123,146178.0,1410828.0,0.10361149622774711,126112.0,991726.0,0.12716415622863572,21950.0,438202.0,0.050091053897517585,112762.0,1245274.2553058998,0.09055194028105895,514.0,701603.0,0.0007326080418698324,387198.0,1245204.130827,0.3109514258861663,5546.0,1657440.5,0.0033461231338319537,6813.0,8526817.0,0.0007990085866742537,310.0,8203330.0,3.778953181208119e-05,769.0,6759876.0,0.00011375948316211717,304.0,3600026.0,8.444383457230587e-05,19216.0,4806081.0,0.003998268027525962,10917.0,169405.0,0.064443198252708
TN,237120.0,6397546.0,0.03706421180871541,1163854.0,10940264.0,0.10638262477029804,1060140.0,7995102.0,0.1325986835439998,113774.0,3095742.0,0.036751770657890745,1270688.0,9867469.736506,0.12877546462584252,31670.0,11003102.0,0.0028782792343468233,3260192.0,9867886.100425996,0.33038403228623175,82223.5,13185825.5,0.006235749138345566,56490.0,66025614.0,0.0008555770492342563,6315.0,84075588.0,7.511098227466455e-05,10965.0,65564975.0,0.00016723868193345607,9639.0,39270370.0,0.0002454522328157336,208390.0,37419042.0,0.005569089662958234,102914.0,1127112.0,0.09130769612957719
TX,1155600.0,27076822.0,0.042678568408065026,8889582.0,47886998.0,0.18563665235394375,7567846.0,33487268.0,0.22599174109993087,1470158.0,15118482.0,0.09724243478941867,3791098.0,38910708.30244218,0.09743071163168872,162711.0,44183801.0,0.0036825939895936068,11265024.0,38903438.39836142,0.28956371117249297,230243.5,54736665.5,0.004206385206274576,152810.0,273900428.0,0.0005579034728635036,19658.0,364888482.0,5.387399430163433e-05,30993.0,269934707.0,0.00011481665453268297,16359.0,160725155.0,0.00010178244967317033,581836.0,159189973.0,0.003654978947700431,454727.0,5457868.0,0.08331586619537153
UT,101280.0,3121700.0,0.032443860716917065,519882.0,5382996.0,0.09657855959766642,414382.0,3561434.0,0.11635257034104801,114212.0,1906438.0,0.05990858344200021,285230.0,3967254.4439229993,0.07189606919135537,5346.0,4584191.0,0.0011661817755848306,1030900.0,3980884.7240659,0.25896253507865563,13636.5,5964199.0,0.002286392523120037,19994.0,29972612.0,0.0006670756622746126,788.0,37587343.0,2.0964503928889043e-05,3608.0,29782987.0,0.00012114298676623671,3820.0,18036637.0,0.0002117911448791701,48449.0,17509930.0,0.002766944242495544,49768.0,708666.0,0.07022772363849825
VA,323246.0,8615516.0,0.037519052834444275,1384686.0,13930762.0,0.09939772138810497,1213222.0,10245840.0,0.11841117956165624,188796.0,3870610.0,0.04877680778998659,1261106.0,12562361.092134994,0.10038765728438977,40880.0,14020843.0,0.0029156592082230717,3619728.0,12549560.279799994,0.28843464785187584,34797.0,16737595.5,0.0020789724545559724,50109.0,83317016.0,0.0006014257639759927,4862.0,103523207.0,4.696531474338889e-05,9358.0,81766570.0,0.00011444775046819256,7640.0,48269915.0,0.0001582766408434736,185080.0,47556002.0,0.0038918326229357967,115271.0,1433681.0,0.08040212571694819
VT,20772.0,689524.0,0.0301251297996879,46126.0,982610.0,0.04694232706770743,42430.0,750430.0,0.05654091654118305,4088.0,245426.0,0.01665675193337299,80082.0,971655.8016129999,0.0824180742471353,1328.0,1084862.0,0.0012241188280168354,247108.0,970356.186617,0.25465700472473374,1543.0,1251302.0,0.0012331155868047841,4994.0,6254970.0,0.0007984051082579133,121.0,6227474.0,1.943002893307945e-05,682.0,6004736.0,0.00011357701654160982,701.0,3633334.0,0.00019293574441545973,14524.0,3476336.0,0.004177962084217406,5542.0,82940.0,0.06681938750904268
WA,354584.0,7449442.0,0.04759873289838353,840250.0,12196928.0,0.0688902976224833,756012.0,8986056.0,0.08413168135164081,92656.0,3372488.0,0.027474078484489788,937486.0,10755424.285828998,0.08716401836747635,24488.0,11973602.0,0.002045165690324432,2963276.0,10755252.628688999,0.27551895825260647,41785.0,14341692.0,0.0029135334938164897,46230.0,71782913.0,0.0006440251317190207,2968.0,97055638.0,3.0580397606576964e-05,7132.0,71448567.0,9.982005657300307e-05,6692.0,43461543.0,0.00015397520516011133,145914.0,41187034.0,0.0035427168657009875,78474.0,1231856.0,0.06370387447883519
WI,207340.0,6303830.0,0.032891115401271924,594594.0,9465450.0,0.06281729870212192,503918.0,6937722.0,0.07263450452468403,99226.0,2658872.0,0.03731883294870908,794930.0,8630767.520218,0.09210420720264301,11581.0,9569617.0,0.0012101842738324847,2681772.0,8632304.987691,0.3106669659869525,33972.5,11424108.0,0.0029737551500738616,44474.0,57691610.0,0.0007708919893204575,2530.0,64226832.0,3.939163619342147e-05,5845.0,56846558.0,0.00010282064922910548,6087.0,32833615.0,0.00018538927254888016,124822.0,32302330.0,0.0038641794570236886,68047.0,934297.0,0.07283230064957931
WV,81030.0,1557664.0,0.05202020461408879,188326.0,2889840.0,0.0651683138166819,171868.0,2159424.0,0.07958974244983848,18114.0,768116.0,0.023582375578688634,407810.0,2836951.867741001,0.14374935459329088,3370.0,3062987.0,0.0011002332037321739,1028886.0,2835754.8242499996,0.36282614815690906,11717.5,3492949.5,0.0033546147747054457,20936.0,18391434.0,0.0011383560411874355,1172.0,21282045.0,5.506989577364393e-05,2978.0,17926064.0,0.00016612681958515823,5090.0,10498848.0,0.00048481509590385537,67722.0,10137216.0,0.00668053240653055,26432.0,280250.0,0.09431578947368421
WY,24658.0,586690.0,0.0420290102098212,130620.0,973530.0,0.1341715201380543,109054.0,700224.0,0.15574159126222467,23374.0,286030.0,0.08171870083557668,73334.0,864443.798031,0.08483373952943804,541.0,881790.0,0.0006135247621315733,246644.0,864605.772659,0.2852675841400798,2366.0,1134289.5,0.002085887244834762,5298.0,5835468.0,0.0009078963332503923,219.0,5579347.0,3.9251905285690244e-05,996.0,5467964.0,0.00018215189419681623,494.0,3143000.0,0.00015717467387846008,13920.0,3293582.0,0.004226401528791449,9006.0,104646.0,0.0860615790378992
